materials_1,materials_2,materials_3,materials_4,filler,structure,processing,thickness(mm),EMI_SE(SE/dB),Conductivity（S/m）,Ref,
Ti3C2Tx,wax,,,90,layered,HF etching,1,76.1,4,https://doi.org/10.1021/acsami.6b06455,
Ti3C2Tx,wax,,,80,layered,HF etching,1,50,1,,
Ti3C2Tx,wax,,,70,layered,HF etching,1,17,0.005,,
Ti3C2Tx,wax,,,60,layered,HF etching,1,10,0.00042,,
Ti3C2Tx,wax,,,90,layered,HF etching Annealed,1,32,0.4,,
Ti3C2Tx,wax,,,80,layered,HF etching Annealed,1,30,0.2,,
Ti3C2Tx,wax,,,60,layered,HF etching Annealed,1,14.6,0.004,,
Ti3C2Tx,wax,,,70,layered,HF etching Annealed,1,25,0.1,,
Ti3C2Tx,wax,,,5,lamellar,HF etching,2,1,,https://doi.org/10.1016/j.matlet.2017.06.101,
Ti3C2Tx,wax,,,10,lamellar,HF etching,2,1,,,
Ti3C2Tx,wax,,,20,lamellar,HF etching,2,2.5,,,
Ti3C2Tx,wax,,,30,lamellar,HF etching,2,7,,,
Ti3C2Tx,wax,,,40,lamellar,HF etching,2,12.5,,,
Ti3C2Tx,wax,,,50,lamellar,HF etching,2,26,,,
Ti3C2Tx,wax,,,60,lamellar,HF etching,2,37,,,
1,,,,,,,,,,,
,,,,,,,,,,,
Ti3C2Tx,/,,,100,film,vacuum-assisted filtration,0.045,92,4665.1,https://doi.org/10.1126/science.aag2421,
Ti3C2Tx,SA,,,90,film,vacuum-assisted filtration,0.008,57,2963,,
Ti3C2Tx,SA,,,80,film,vacuum-assisted filtration,0.008,46,1841,,
Ti3C2Tx,SA,,,30,film,vacuum-assisted filtration,0.008,22,134,,
Ti3C2Tx,SA,,,60,film,vacuum-assisted filtration,0.008,36,1177,,
Ti3C2Tx,/,,,100,film,vacuum-assisted filtration,0.011,68,4665,,
Ti3C2Tx,/,,,100,foam, foaming ,0.006,32,50000,https://doi.org/10.1002/adma.201702367,
Ti3C2Tx,/,,,100,foam, foaming ,0.018,50,130000,,
Ti3C2Tx,/,,,100,foam, foaming ,0.06,70,340000,,
Ti3C2Tx,/,,,100,film,vacuum-assisted filtration,0.001,30,,,
Ti3C2Tx,/,,,100,film,vacuum-assisted filtration,0.003,46,,,
Ti3C2Tx,/,,,100,film,vacuum-assisted filtration,0.006,53,,,
Ti3C2Tx,CNFs,,,50,film,vacuum-filtration-induced self-assembly,0.167,25,9.691,https://doi.org/10.1021/acsnano.8b00997,
Ti3C2Tx,CNFs,,,80,film,vacuum-filtration-induced self-assembly,0.074,26,115.5,,
Ti3C2Tx,CNFs,,,90,film,vacuum-filtration-induced self-assembly,0.047,24,739.4,,
Ti3C2Tx,SiO2,,,20,compact & laminates structures,HF and vacuum dry,1,2.6,0.00002,https://doi.org/10.1039/C8NR10489A,
Ti3C2Tx,SiO2,,,40,compact & laminates structures,HF and vacuum dry,1,9.25,0.0001,,
Ti3C2Tx,SiO2,,,60,compact & laminates structures,HF and vacuum dry,1,26,0.008,,
Ti3C2Tx,SiO2,,,80,compact & laminates structures,HF and vacuum dry,1,58,3,,
Ti3C2Tx,wax,,,100,compact & laminates structures,HCl + LiF etching,0.8,61.1,5,https://doi.org/10.1016/j.carbon.2019.02.003,
Ti3C2Tx,wax,,,80,compact & laminates structures,HCl + LiF etching,0.8,47.5,0.03,,
Ti3C2Tx,wax,,,60,compact & laminates structures,HCl + LiF etching,0.8,13.5,0.008,,
Ti3C2Tx,wax,,,40,compact & laminates structures,HCl + LiF etching,0.8,6,0.00000001,,
1,,,,,,,,,,,
Ti3C2Tx,HEC,,,97,compact & laminates structures,air dried,0.1,21,,https://doi.org/10.1016/j.carbon.2019.10.009,
Ti3C2Tx,HEC,,,97,compact & laminates structures,air dried,0.09,21,,,
Ti3C2Tx,HEC,,,97,compact & laminates structures,air dried,0.08,21,,,
Ti3C2Tx,HEC,,,97,compact & laminates structures,air dried,0.07,21,,,
Ti3C2Tx,HEC,,,97,compact & laminates structures,air dried,0.06,21,,,
Ti3C2Tx,HEC,,,97,compact & laminates structures,air dried,0.05,19,,,
Ti3C2Tx,HEC,,,97,compact & laminates structures,air dried,0.04,18,,,
Ti3C2Tx,HEC,,,97,compact & laminates structures,air dried,0.03,16,,,
Ti3C2Tx,HEC,,,97,compact & laminates structures,air dried,0.02,12.5,,,
Ti3C2Tx,HEC,,,97,compact & laminates structures,air dried,0.01,8.3,,,
1,,,,,,,,,,,
Ti3C2Tx,ANF,,,10,compact & laminates structures,VAF,0.021,6,0.295,https://doi.org/10.1039/C9NR07331K,
Ti3C2Tx,ANF,,,20,compact & laminates structures,VAF,0.023,14,9.813,,
Ti3C2Tx,ANF,,,40,compact & laminates structures,VAF,0.022,21,24.826,,
Ti3C2Tx,ANF,,,50,compact & laminates structures,VAF,0.02,25,64.605,,
Ti3C2Tx,ANF,,,60,compact & laminates structures,VAF,0.02,28,99.684,,
Ti3C2Tx,ANF,,,80,compact & laminates structures,VAF,0.017,31,173.36,,
Ti3C2Tx,ANF,,,90,compact & laminates structures,VAF,0.015,33,628.272,,
Ti3C2Tx,epoxy,,,1,compact & laminates structures,solution casting,2,5,0.9,https://doi.org/10.1016/j.compositesb.2019.04.050,
Ti3C2Tx,epoxy,,,3,compact & laminates structures,solution casting,2,14,50,,
Ti3C2Tx,epoxy,,,5,compact & laminates structures,solution casting,2,24,75,,
Ti3C2Tx,epoxy,,,10,compact & laminates structures,solution casting,2,33,90,,
Ti3C2Tx,epoxy,,,15,compact & laminates structures,solution casting,2,41,105,,
Ti3C2Tx,PEDOT:PSS,,,87.5,compact & laminates structures,VAF,0.0111,42.1,340.52,https://pubs.acs.org/doi/abs/10.1021/acsami.8b18347,
Ti3C2Tx,PEDOT:PSS,,,83.3,compact & laminates structures,VAF,0.0119,28.22,183.24,,
Ti3C2Tx,PEDOT:PSS,,,80,compact & laminates structures,VAF,0.0125,21.61,83.33,,
Ti3C2Tx,PEDOT:PSS,,,75,compact & laminates structures,VAF,0.0152,8.99,20.4,,
Ti3C2Tx,PANI,,,87.5,compact & laminates structures,VAF,0.04,36,24.4,https://doi.org/10.1016/j.compscitech.2019.107833,
Ti3C2Tx,PANI,,,83,compact & laminates structures,VAF,0.04,34,17,,
Ti3C2Tx,PANI,,,75,compact & laminates structures,VAF,0.04,32,14,,
Ti3C2Tx,PANI,,,50,compact & laminates structures,VAF,0.04,31,9,,
Ti3C2Tx,TiO2,rGO,,20,film,VAF pyrolysis,0.00525,18,0.067,https://doi.org/10.1016/j.cej.2018.10.174,
Ti3C2Tx,TiO2,rGO,,33,film,VAF pyrolysis,0.00559,23.3,0.09,,
Ti3C2Tx,TiO2,rGO,,43,film,VAF pyrolysis,0.00782,23.4,0.11,,
Ti3C2Tx,TiO2,rGO,,50,film,VAF pyrolysis,0.00917,27,0.75,,
Ti3C2Tx,PVDF,,,10,compact & laminates structures,dry in vacuum,0.1,0.2,0.0000001,https://doi.org/10.1002/admi.201900961,
Ti3C2Tx,PVDF,,,20,compact & laminates structures,dry in vacuum,0.1,1,0.1,,
Ti3C2Tx,PVDF,Ni,,10,compact & laminates structures,dry in vacuum,0.1,19.5,100,,
1,,,,,,,,,,,
Ti3C2Tx,wax,Ni,,50,compact & laminates structures,one-step hydrothermal,1.3,33.8,4,https://pubs.acs.org/doi/abs/10.1021/acsami.9b07294,
Ti3C2Tx,wax,Ni,,50,compact & laminates structures,one-step hydrothermal,2.8,60,4,,
Ti3C2Tx,wax,Ni,,50,compact & laminates structures,one-step hydrothermal,0.7,20,4,,
Ti3C2Tx,wax,Ni,,50,compact & laminates structures,one-step hydrothermal,1,25,4,,
Ti3C2Tx,wax,Ni,,50,compact & laminates structures,one-step hydrothermal,2,40,4,,
Ti3C2Tx,wax,Ni,,10,compact & laminates structures,one-step hydrothermal,1.3,3,0.00000003,,
Ti3C2Tx,wax,Ni,,20,compact & laminates structures,one-step hydrothermal,1.3,14,0.03,,
Ti3C2Tx,wax,Ni,,30,compact & laminates structures,one-step hydrothermal,1.3,18,0.06,,
Ti3C2Tx,wax,Ni,,40,compact & laminates structures,one-step hydrothermal,1.3,26,0.2,,
1,,,,,,,,,,,
Ti3C2Tx,PVA,,,7.5,layer-by-layer,multilayered casting,0.024,26.9,17,https://doi.org/10.1016/j.cej.2019.122475,
Ti3C2Tx,PVA,,,13.9,layer-by-layer,multilayered casting,0.025,37.1,379,,
Ti3C2Tx,PVA,,,19.5,layer-by-layer,multilayered casting,0.027,44.4,716,,
Ti3C2Tx,AgNW,,,0.7:0.6,layer-by-layer,Vacuum-Assisted Assembly ,0.12,41,0.5,https://doi.org/10.1002/adfm.201905197,
Ti3C2Tx,AgNW,,,0.7:0.6,layer-by-layer,Vacuum-Assisted Assembly ,0.24,54,0.83,,
Ti3C2Tx,AgNW,,,0.7:0.6,layer-by-layer,Vacuum-Assisted Assembly ,0.36,67,2.5,,
Ti3C2Tx,AgNW,,,0.7:0.6,layer-by-layer,Vacuum-Assisted Assembly ,0.48,81,10,,
Ti3C2Tx,PPy,,,7,layer-by-layer,polymerization,0.45,67,4000,https://doi.org/10.1002/adfm.201806819,
Ti3C2Tx,PPy,,,7,layer-by-layer,polymerization,0.45,55,2400,,
Ti3C2Tx,PPy,,,7,layer-by-layer,polymerization,0.45,43,1000,,
Ti3C2Tx,PPy,,,7,layer-by-layer,polymerization,0.45,35,550,,
Ti3C2Tx,PPy,,,7,layer-by-layer,polymerization,0.45,25,150,,
1,,,,,,,,,,,
Ti3C2Tx,/,,,5.5mg/cm^3,porous,freeze-casting,1,44.8,,https://doi.org/10.1002/adom.201900267,
Ti3C2Tx,/,,,8.4/cm^3,porous,freeze-casting,1,57,,,
Ti3C2Tx,/,,,11.1cm^3,porous,freeze-casting,1,70.6,,,
Ti3CNTx,/,,,5.6cm^3,porous,freeze-casting,1,48.5,,,
Ti3CNTx,/,,,8.4cm^3,porous,freeze-casting,1,58.4,,,
Ti3CNTx,/,,,11.1cm^3,porous,freeze-casting,1,69.2,,,
Ti2CTx,/,,,5.6cm^3,porous,freeze-casting,1,42.3,,,
Ti2CTx,/,,,8.4cm^3,porous,freeze-casting,1,49.6,,,
Ti2CTx,/,,,11.1cm^3,porous,freeze-casting,1,54.1,,,
1,,,,,,,,,,,
Ti3C2Tx,rGO,,,25,porous,freeze-drying and reduction heat,1.5,20,303,https://doi.org/10.1016/j.cej.2019.122696,
Ti3C2Tx,rGO,,,33,porous,freeze-drying and reduction heat,1,20.1,,,
Ti3C2Tx,rGO,,,33,porous,freeze-drying and reduction heat,1.5,28.6,,,
Ti3C2Tx,rGO,,,33,porous,freeze-drying and reduction heat,3,50.7,1000,,
Ti3C2Tx,rGO,,,50,porous,freeze-drying and reduction heat,1.5,35,1250,,
Ti3C2Tx,AgNW,,,2:05,porous,dipcoating and unidirectional freeze-drying,2,52.6,2450,https://doi.org/10.1039/C9NR07988B,
Ti3C2Tx,PDMS,SA,,63,porous,vacuum-assisted impregnation,2,35,336,https://doi.org/10.1016/j.cej.2019.122622,
Ti3C2Tx,PDMS,SA,,74,porous,vacuum-assisted impregnation,2,52,760,,
Ti3C2Tx,PDMS,SA,,87,porous,vacuum-assisted impregnation,2,61,1800,,
Ti3C2Tx,PDMS,SA,,95,porous,vacuum-assisted impregnation,2,72,2211,,
Ti3C2Tx,carbon,,,0.36,porous,thermal reduction,2,15,2,https://doi.org/10.1016/j.compositesa.2019.05.030,
Ti3C2Tx,carbon,,,0.67,porous,thermal reduction,2,22,18,,
Ti3C2Tx,carbon,,,0.98,porous,thermal reduction,2,29,51,,
Ti3C2Tx,carbon,,,1.34,porous,thermal reduction,2,39,112,,
Ti3C2Tx,carbon,,,1.64,porous,thermal reduction,2,46,184,,
Ti3C2Tx,PVA,,,0.15vol%,porous,freeze-drying,5,28,0.0000083,https://pubs.acs.org/doi/abs/10.1021/acsami.8b21671,
Ti3C2Tx,PVA,,,2.5vol%,film,freeze-drying,0.3,21,0.0002,,
Ti3C2Tx,PVA,,,7.6vol%,film,freeze-drying,0.1,26,0.0008,,
Ti3C2Tx,,,,6.26mg/cm^3,porous,freeze-drying,2,58,,https://doi.org/10.1039/C8TC04795B,
Ti3C2Tx,,,,12.5mg/cm^3,porous,freeze-drying,2,50,,,
Ti3C2Tx,,,,20.7mg/cm^3,porous,freeze-drying,2,75,,,
Ti3C2Tx,CNT,,,25,porous,bidirectional freezing,3,104,943,https://pubs.acs.org/doi/abs/10.1021/acsami.9b12550,
Ti3C2Tx,CNT,,,33,porous,bidirectional freezing,3,87,303,,
Ti3C2Tx,CNT,,,50,porous,bidirectional freezing,3,78,136,,
Ti3C2Tx,rGO,,,0.15vol%,porous,freeze-drying,2,29,23,https://pubs.acs.org/doi/abs/10.1021/acsnano.8b05739,
Ti3C2Tx,rGO,,,0.45vol%,porous,freeze-drying,2,39,296,,
Ti3C2Tx,rGO,,,0.61vol%,porous,freeze-drying,2,40,632,,
Ti3C2Tx,rGO,,,0.74vol%,porous,freeze-drying,2,56,695,,
1,,,,,,,,,,,
Ti3C2Tx,CA,,,90,porous,VAF and freeze-drying,0.026,54.3,33832,https://doi.org/10.1002/admi.201802040,
Ti3C2Tx,CA,,,70,porous,VAF and freeze-drying,0.031,54.3,2258,,
Ti3C2Tx,CA,,,50,porous,VAF and freeze-drying,0.029,54.3,909,,
Ti3C2Tx,CA,,,30,porous,VAF and freeze-drying,0.033,54.3,32,,
Ti3C2Tx,SA,,,90,porous,VAF and freeze-drying,0.014,43.9,79551,,
Ti3C2Tx,SA,,,70,porous,VAF and freeze-drying,0.018,38,5239,,
Ti3C2Tx,SA,,,50,porous,VAF and freeze-drying,0.015,22,2347,,
Ti3C2Tx,SA,,,30,porous,VAF and freeze-drying,0.016,13,51.18,,
1,,,,,,,,,,,
Ti3C2Tx,PS,,,6.2,segregated,Self-assembly,2,62,1081,https://doi.org/10.1002/adfm.201702807,
Ti3C2Tx,PS,,,4,segregated,Self-assembly,2,40,602,,
Ti3C2Tx,PS,,,2.4,segregated,Self-assembly,2,33,50,,
Ti3C2Tx,NR,,,1.18vol%,segregated,VAF,0.246,5.8,20,https://doi.org/10.1016/j.compscitech.2019.107754,
Ti3C2Tx,NR,,,1.8vol%,segregated,VAF,0.247,10.7,100,,
Ti3C2Tx,NR,,,2.44vol%,segregated,VAF,0.248,19,300,,
Ti3C2Tx,NR,,,3.1vol%,segregated,VAF,0.249,29.4,500,,
Ti3C2Tx,NR,,,4.83vol%,segregated,VAF,0.25,38.2,750,,
Ti3C2Tx,NR,,,6.71vol%,segregated,VAF,0.251,53.6,1400,,
Ti3C2Tx,/,,,100,film,electroless plating,0.045,92,4600,https://doi.org/10.1007/s10853-020-04739-8,
Mo2Ti2C3Tx,/,,,100,film,electroless plating,0.0035,26,250,,
Ti3C2Tx,PVDF,,,10,film,compression molding,1,5,0.000028,https://doi.org/10.1016/j.compositesa.2019.105693,
Ti3C2Tx,PVDF,,,6.7vol%,film,compression molding,1,8,0.008,,
Ti3C2Tx,PVDF,,,25,film,compression molding,1,20,0.0352,,
Ti3C2Tx,PVDF,,,15.3vol%,film,compression molding,1,26,0.09,,
Ti3C2Tx,PVDF,,,50,film,compression molding,1,34,0.988,,
Ti3C2Tx,MMT,,,90,film,VAF,0.025,65,4420,https://pubs.acs.org/doi/10.1021/acsami.0c05692,
Ti3C2Tx,MMT,,,80,film,VAF,0.025,58,2100,,
Ti3C2Tx,MMT,,,70,film,VAF,0.025,46,1550,,
Ti3C2Tx,MMT,,,50,film,VAF,0.025,28,1250,,
Nb2CTx,wax,Ag,,60,multilayered,self-reduction and oxidation,1,72,3.1,https://doi.org/10.1016/j.cej.2020.125791,
Nb2CTx,wax,,,60,multilayered,self-reduction and oxidation,1,13,0.6,,
Ti3C2Tx,wax,Ag,,60,multilayered,self-chemical reduction,1,62,3.6,,
Ti3C2Tx,wax,,,60,multilayered,HF,1,27,1,,
Ti3C2Tx,AgNWs,ANF,,10,film,VAF hot-pressing,0.041,35.5,157.2,https://pubs.acs.org/doi/10.1021/acsnano.0c02401,
Ti3C2Tx,AgNWs,ANF,,20,film,VAF hot-pressing,0.045,48.1,922,,
Ti3C2Tx,AgNWs,ANF,,40,film,VAF hot-pressing,0.05,57.3,1736.4,,
Ti3C2Tx,AgNWs,ANF,,60,film,VAF hot-pressing,0.056,64.1,2760.7,,
Ti3C2Tx,AgNWs,ANF,,80,film,VAF hot-pressing,0.091,79.8,3725.6,,
Ti3C2Tx,AgNWs,,,25,film,positive pressure filtration,0.011,41.3,1503800,https://iopscience.iop.org/article/10.1088/2399-1984/ab92f5,
Ti3C2Tx,AgNWs,,,50,film,positive pressure filtration,0.011,63,8234,,
Ti3C2Tx,AgNWs,,,75,film,positive pressure filtration,0.011,75,3493,,
Ti3C2Tx,,,,100,film,positive pressure filtration,0.011,52,1878,,
Ti3C2Tx,PS,PNIPAM,,66,film,freeze-dried,0.025,36,61900,https://doi.org/10.1039/D1TA08788F,
Ti3C2Tx,PS,PNIPAM,,75,film,freeze-dried,0.025,38,153800,,
Ti3C2Tx,PS,PNIPAM,,60,film,freeze-dried,0.025,32,21700,,
Ti3C2Tx,PS,PNIPAM,,50,film,freeze-dried,0.025,21,3900,,
Ti3C2Tx,PS,PNIPAM,,25,film,freeze-dried,0.025,10,470,,
Ti3C2Tx,h-BN,CNF,,3:07,film,coulombic assembly,0.0235,11.53,5,https://doi.org/10.1016/j.jcis.2022.01.060,
Ti3C2Tx,h-BN,CNF,,5:05,film,coulombic assembly,0.0315,22.24,18,,
Ti3C2Tx,h-BN,CNF,,7:03,film,coulombic assembly,0.0342,33.6,57.67,,
Ti3C2Tx,CFF,PANI,PDMS,24.08,film,layer-by-layer assembly,0.376,35.3,330,https://doi.org/10.1002/admi.202001893,
Ti3C2Tx,CFF,PANI,PDMS,16.69,film,layer-by-layer assembly,0.758,25,280,,
Ti3C2Tx,CFF,PANI,PDMS,10.41,film,layer-by-layer assembly,1.113,14,235,,
Ti3C2Tx,PPy,PDA,,12vol%,film,polymerization and mixing,2,21.82,884.1,https://doi.org/10.1002/pat.5649,
Ti3C2Tx,PPy,PDA,,2vol%,film,polymerization and mixing,2,5.41,38.2,,
Ti3C2Tx,PPy,PDA,,6vol%,film,polymerization and mixing,2,9.6,175.8,,
Ti3C2Tx,PPy,PDA,,8vol%,film,polymerization and mixing,2,14.12,629.3,,
Ti3C2Tx,nonwoven fabric,rGO,,6:04,film,soaking-drying-reducing,0.262,55.81,1330,https://doi.org/10.1016/j.jcis.2022.01.030,
Ti3C2Tx,nonwoven fabric,rGO,,9:01,film,soaking-drying-reducing,0.262,37,380,,
Ti3C2Tx,nonwoven fabric,rGO,,8:02,film,soaking-drying-reducing,0.262,47,500,,
Ti3C2Tx,nonwoven fabric,rGO,,7:03,film,soaking-drying-reducing,0.262,49,1000,,
1,,,,,,,,,,,
Ti3C2Tx,CNTs,,,49.4,film,electrophoretic deposition,0.015,50.4,19000,https://doi.org/10.1007/s40820-021-00597-4,
Ti3C2Tx,CNTs,,,35.2,film,electrophoretic deposition,0.015,46,17500,,
Ti3C2Tx,CNTs,,,17.2,film,electrophoretic deposition,0.015,37,14500,,
Ti3C2Tx,CNTs,,,26.9,film,electrophoretic deposition,0.015,42,16000,,
Ti3C2Tx,CNTs,,,17.2,film,electrophoretic deposition,0.005,22,14933,,
Ti3C2Tx,CNTs,,,17.2,film,electrophoretic deposition,0.045,45,12000,,
Ti3C2Tx,CNTs,,,17.2,film,electrophoretic deposition,0.1,62,10062,,
1,,,,,,,,,,,
Ti3C2Tx,PNFs,,,70,film,sol–gel-film conversion technique,1.776,35,1800,https://doi.org/10.1002/cey2.174,
Ti3C2Tx,PNFs,,,50,film,sol–gel-film conversion technique,1.705,28,1350,,
Ti3C2Tx,PNFs,,,90,film,sol–gel-film conversion technique,1.835,43,2650,,
Ti3C2Tx,wood,,,6.7mg/cm^2,film,freeze-dryer,0.38,32.7,1858,https://doi.org/10.1016/j.compositesb.2021.109460,
Ti3C2Tx,wood,,,5.4mg/cm^2,film,freeze-dryer,0.38,26,1341,,
Ti3C2Tx,wood,,,4.2mg/cm^2,film,freeze-dryer,0.38,23,946,,
Ti3C2Tx,wood,,,3.3mg/cm^2,film,freeze-dryer,0.38,20,721,,
Ti3C2Tx,wood,,,1.9mg/cm^2,film,freeze-dryer,0.38,15,574,,
Ti3C2Tx,wood,,,2mg/ml,film,freeze-dryer,,15,0.015,https://doi.org/10.1016/j.carbon.2021.06.054,
Ti3C2Tx,wood,,,4mg/ml,film,freeze-dryer,,37,0.25,,
Ti3C2Tx,wood,,,6mg/ml,film,freeze-dryer,2.8,53,7.1,,
Ti3C2Tx,wood,,,8mg/ml,film,freeze-dryer,,64,14.1,,
Ti3C2Tx,wood,,,10mg/ml,film,freeze-dryer,,72,37.04,,
Ti3C2Tx,wood,,,0.41mg/cm^3,film,"	Brush coating",0.001,21,530000,https://doi.org/10.1016/j.compositesa.2021.106739,45
Ti3C2Tx,wood,,,1.41mg/cm^3,film,"	Brush coating",0.001,41,580000,,
Ti3C2Tx,wood,,,2.3mg/cm^3,film,"	Brush coating",0.001,37,600000,,
Ti3C2Tx,wood,,,3.2mg/cm^3,film,"	Brush coating",0.001,40,605000,,
Ti3C2Tx,ANF,,,0.1,foam,freeze-drying,2.4,17,6.62,https://doi.org/10.1039/D1TA11025J,46
Ti3C2Tx,ANF,,,0.2,foam,freeze-drying,2.5,31,93.46,,
Ti3C2Tx,ANF,,,0.4,foam,freeze-drying,2.5,44,232.6,,
Ti3C2Tx,ANF,,,0.6,foam,freeze-drying,2.6,55,434.8,,
Ti3C2Tx,ANF,,,0.8,foam,freeze-drying,2.5,63,854.9,,
Ti3C2Tx,CNTs,Co,PDMS,1,film,electrostatic assembly,0.04,58,2700,https://doi.org/10.1007/s40820-021-00673-9,47
Ti3C2Tx,CNTs,Co,PDMS,0.9,film,electrostatic assembly,0.04,61,3600,,
Ti3C2Tx,CNTs,Co,PDMS,0.8,film,electrostatic assembly,0.04,52,1000,,
Ti3C2Tx,CNTs,Co,PDMS,0.7,film,electrostatic assembly,0.04,43,50,,
Ti3C2Tx,CNTs,Co,PDMS,0.6,film,electrostatic assembly,0.04,21,10,,
Ti3C2Tx,,,,100,film,etching,0.02,107,2300,https://doi.org/10.1002/anie.202201323,
Ti3C2Tx,CS,,,25.9,film,LBL assembly,0.035,40.8,969,https://doi.org/10.1016/j.compositesa.2022.106809,
Ti3C2Tx,CS,,,14.7,film,LBL assembly,0.031,34,390,,
Ti3C2Tx,CS,,,9.1,film,LBL assembly,0.029,25.8,14,,
Ti3C2Tx,PVA,,,0.9,aerogels,freeze-drying,3,53.3,300,https://doi.org/10.1016/j.polymer.2021.124101,
Ti3C2Tx,PVA,,,0.7,aerogels,freeze-drying,3,46,0.2,,
Ti3C2Tx,PVA,,,0.5,aerogels,freeze-drying,3,20,0.01,,
Ti3C2Tx,PEDOT:PSS,,,0.8,aerogels,freeze-drying,5,23,2.157,https://pubs.acs.org/doi/10.1021/acsami.1c13303,
Ti3C2Tx,PEDOT:PSS,,,0.7,aerogels,freeze-drying,5,28,2.199,,
Ti3C2Tx,PEDOT:PSS,,,0.5,aerogels,freeze-drying,5,21,1.259,,
Ti3C2Tx,PEDOT:PSS,,,0.3,aerogels,freeze-drying,5,16,1.091,,
Ti3C2Tx,AgNWs,MF,PEG,0.5,foam,vacuum impregnation,5,30.5,75.34,https://pubs.acs.org/doi/10.1021/acsami.1c23303,
Ti3C2Tx,CNFs,PMDI,,0.7,film,pressure drying,0.0075,55,2113,https://doi.org/10.1002/smtd.202100889,
Ti3C2Tx,AgNW,melamine,,10.1,foam,dip-coating,2,32.2,2250,https://doi.org/10.1039/D2TC00516F,
Ti3C2Tx,CNTs,,,49.4,film,electrophoretic deposition,0.1,60.5,10062,https://doi.org/10.1007/s40820-021-00597-4,
Ti3C2Tx,CNTs,,,49.4,film,electrophoretic deposition,0.045,43.3,,,
Ti3C2Tx,CNTs,,,49.4,film,electrophoretic deposition,0.015,37.2,,,
Ti3C2Tx,CNTs,,,49.4,film,electrophoretic deposition,0.005,23.1,,,
Ti3C2Tx,rGO,,,0.5,foam,freeze-drying,3,57.67,467,https://doi.org/10.1007/s10854-021-07603-w,
Ti3C2Tx,rGO,,,0.44,foam,freeze-drying,3,51.14,375,,
Ti3C2Tx,rGO,,,0.375,foam,freeze-drying,3,43.91,324,,
Ti3C2Tx,rGO,,,0.29,foam,freeze-drying,3,40.18,256,,
Ti3C2Tx,rGO,,,0.17,foam,freeze-drying,3,38.07,195,,
Ti3C2Tx,CNF,MWCNTs,,0.5,film,pressured-extrusion,0.043,45.1,138,https://doi.org/10.1016/j.carbpol.2020.117325,
Ti3C2Tx,CNF,MWCNTs,,0.66,film,pressured-extrusion,0.03,49.8,250,,
Ti3C2Tx,CNF,MWCNTs,,0.75,film,pressured-extrusion,0.025,51.8,392,,
Ti3C2Tx,CNF,MWCNTs,,0.83,film,pressured-extrusion,0.019,52.9,477,,
Ti3C2Tx,PNP,,,0.3,film,layer-by-layer assembly ,0.029,28.39,59.59,https://doi.org/10.1016/j.apsusc.2021.151552,
Ti3C2Tx,PNP,,,0.6,film,layer-by-layer assembly ,0.029,32.95,88.56,,
Ti3C2Tx,PNP,PDMS,,0.3,film,layer-by-layer assembly ,0.029,28.82,71.91,,
Ti3C2Tx,TPU,PAN,Fe3O4,5mg/mL,film,electrospinning and coating,0.45,32.5,189,https://doi.org/10.3390/nano12010020,
Ti3C2Tx,PAN,TiO2,PDA,1,film,dip coating,0.045,22,81.43,https://doi.org/10.1016/j.cej.2021.128681,
Ti3C2Tx,PAN,TiO2,PDA,2,film,dip coating,0.045,25,88,,
Ti3C2Tx,PAN,TiO2,PDA,4,film,dip coating,0.045,32,98.92,,
Ti3C2Tx,PLA,,,4.8mg/mL,film,VAF,0.15,55.4,3978,https://doi.org/10.1016/j.coco.2021.100770,
Ti3C2Tx,CNFs,,,0.07,film,VAF,0.091,21.1,800,https://doi.org/10.1016/j.jallcom.2019.02.294,
Ti3C2Tx,CNFs,,,0.11,film,VAF,0.096,35.3,2100,,
Ti3C2Tx,CNFs,,,0.15,film,VAF,0.1,42.7,5500,,
Ti3C2Tx,Fe3O4,PI,,80,film,VAF,0.075,66,1500,https://doi.org/10.1007/s12274-022-4358-7,
Ti3C2Tx,PVA,Fe3O4,,10,film,Electrospinning,0.08,22,10,https://doi.org/10.1002/smll.202101951,
Ti3C2Tx,PVA,Fe3O4,,20,film,Electrospinning,0.08,30,38,,
Ti3C2Tx,PVA,Fe3O4,,30,film,Electrospinning,0.08,36,79,,
Ti3C2Tx,PVA,Fe3O4,,40,film,Electrospinning,0.08,40,120,,
Ti3C2Tx,TPU,,,0.417mg/cm,film,spraying,0.3,30,,https://pubs.acs.org/doi/10.1021/acsami.1c19890,
Ti3C2Tx,CNF,CNT,,0.8,Gradient structure (Compact),VAF,0.038,34,10,https://doi.org/10.1007/s40820-019-0304-y,
Ti3C2Tx,CNF,CNT,,0.9,Gradient structure (Compact),VAF,0.038,43,14,,
Ti3C2Tx,CNF,CNT,,0.94,Gradient structure (Compact),VAF,0.038,47,23,,
Ti3C2Tx,CS,,,0.25,Layered,VAF,0.037,25,92,https://doi.org/10.1016/j.carbpol.2020.116467,
Ti3C2Tx,CS,,,0.5,Layered,VAF,0.037,31,234,,
Ti3C2Tx,CS,,,0.75,Layered,VAF,0.037,34.7,1402,,
Ti3C2Tx,g-C3N4,CNF,,0.77,Compact,Pressure extrusion,0.028,42.99,16950,https://doi.org/10.1016/j.compositesa.2020.105899,
Ti3C2Tx,g-C3N4,CNF,,0.72,Compact,Pressure extrusion,0.024,40.95,13700,,
Ti3C2Tx,g-C3N4,CNF,,0.66,Compact,Pressure extrusion,0.024,36.98,9202,,
Ti3C2Tx,g-C3N4,CNF,,0.57,Compact,Pressure extrusion,0.022,32.98,6288,,
Ti3C2Tx,g-C3N4,CNF,,0.4,Compact,Pressure extrusion,0.019,24.94,2742,,
Ti3C2Tx,EPDM,,,0.06,Segregated rubber,Vacuum drying and ultrasonic stripping,0.3,48,106,https://doi.org/10.1007/s00339-020-03675-3,
Ti3C2Tx,EPDM,,,0.05,Segregated rubber,Vacuum drying and ultrasonic stripping,0.3,33,97,,
Ti3C2Tx,EPDM,,,0.04,Segregated rubber,Vacuum drying and ultrasonic stripping,0.3,28,65,,
Ti3C2Tx,EPDM,,,0.03,Segregated rubber,Vacuum drying and ultrasonic stripping,0.3,23,12,,
Ti3C2Tx,EPDM,,,0.02,Segregated rubber,Vacuum drying and ultrasonic stripping,0.3,15,1,,
Ti3C2Tx,graphene,PDMS,Fe3O4,0.05,Porous (Foam),Chemical vapor deposition,1,83.6,638,https://doi.org/10.1016/j.cej.2020.124608,
Ti3C2Tx,graphene,PDMS,Fe3O4,0.03,Porous (Foam),Chemical vapor deposition,1,65,540,,
Ti3C2Tx,graphene,PDMS,Fe3O4,0.01,Porous (Foam),Chemical vapor deposition,1,52,360,,
Ti3C2Tx,polyurethane,,,0.9,Segregated,Colloidal assembly,0.0084,56.9,4236,https://doi.org/10.1039/D0TC01249A,
Ti3C2Tx,polyurethane,,,0.8,Segregated,Colloidal assembly,0.0055,47,2897,,
Ti3C2Tx,polyurethane,,,0.7,Segregated,Colloidal assembly,0.0079,45,1599,,
Ti3C2Tx,polyurethane,,,0.5,Segregated,Colloidal assembly,0.0062,36,598,,
Ti3C2Tx,polyurethane,,,0.3,Segregated,Colloidal assembly,0.0093,27,96,,
Ti3C2Tx,ANF,,,0.1,Layered film,"Layer by layer
through assembly",0.012,26,14680,https://doi.org/10.1007/s12274-021-3297-z,
Ti3C2Tx,ANF,,,0.2,Layered film,"Layer by layer
through assembly",0.012,28,25770,,
Ti3C2Tx,ANF,,,0.3,Layered film,"Layer by layer
through assembly",0.009,31,32410,,
Ti3C2Tx,ANF,,,0.4,Layered film,"Layer by layer
through assembly",0.09,40.7,43520,,
Ti3C2Tx,natural rubber,,,0.5,film,Assembly Process,0.0138,19.1,40,https://doi.org/10.1016/j.apsusc.2021.149143,
Ti3C2Tx,natural rubber,,,0.25,film,Assembly Process,0.0244,32.7,114,,
Ti3C2Tx,natural rubber,,,0.88,film,Assembly Process,0.0541,50.2,184,,
Ti3C2Tx,natural rubber,,,0.9,film,Assembly Process,0.065,57.1,293,,
Ti3C2Tx,Cellulose microspheres,,,0.66,Layered,Wet chemical process,0.0276,47,49600,https://doi.org/10.1016/j.compositesa.2020.106229,
Ti3C2Tx,Cellulose microspheres,,,0.75,Layered,Wet chemical process,0.0165,53,99300,,
Ti3C2Tx,Cellulose microspheres,,,0.83,Layered,Wet chemical process,0.0143,55,116100,,
Ti3C2Tx,Cellulose microspheres,,,0.875,Layered,Wet chemical process,0.0121,59,167200,,
Ti3C2Tx,cellulose,PDMS,,0.23vol,film,dip-coating,0.2,24.6,39,https://doi.org/10.1016/j.compscitech.2020.107995,
Ti3C2Tx,cellulose,PDMS,,0.71vol,film,dip-coating,0.2,34.5,1321,,
Ti3C2Tx,cellulose,PDMS,,1.02vol,film,dip-coating,0.2,37.8,1765,,
Ti3C2Tx,cellulose,PDMS,,1.07vol,film,dip-coating,0.2,43,2756,,
Ti3C2Tx,CNF,Ag,,0.06,film,vacuum filtration,0.045,27.5,273,https://doi.org/10.1039/C9RA06399D,
Ti3C2Tx,CNF,Ag,,0.08,film,vacuum filtration,0.047,28,418,,
Ti3C2Tx,CNF,Ag,,0.07,film,vacuum filtration,0.046,50.7,588,,
Ti3C2Tx,AgNW,NC,,0.837,film,aqueous filtration,0.017,42,29998,https://doi.org/10.1039/C9TC06361G,
Ti3C2Tx,AgNW,NC,,0.5,film,aqueous filtration,0.017,21,3334,,
Ti3C2Tx,AgNW,NC,,0.75,film,aqueous filtration,0.017,28,12716,,
Ti3C2Tx,AgNW,NC,,0.875,film,aqueous filtration,0.017,34,15242,,
Ti3C2Tx,cotton fabrics,,,0.23,coated fabrics,vacuum filtration,0.0067,38,338,https://doi.org/10.1007/s10570-019-02284-5,
Ti3C2Tx,cotton fabrics,,,0.27,coated fabrics,vacuum filtration,0.0067,41,420,,
Ti3C2Tx,cotton fabrics,,,0.32,coated fabrics,vacuum filtration,0.0067,45,700,,
Ti3C2Tx,cotton fabrics,,,0.34,coated fabrics,vacuum filtration,0.0067,48.9,1570,,
Ti3C2Tx,AgNWs,PEDOT:PSS,,0.291,film, drop-casting,0.01,26,1100,https://doi.org/10.1016/j.cej.2023.144033,
Ti3C2Tx,AgNWs,PEDOT:PSS,,0.451,film, drop-casting,0.01,26.5,1800,,
Ti3C2Tx,AgNWs,PEDOT:PSS,,0.621,film, drop-casting,0.01,30,3400,,
Ti3C2Tx,AgNWs,PEDOT:PSS,,0.766,film, drop-casting,0.01,32,3900,,
Ti3C2Tx,CNF,PEDOT:PSS,,0.2,film,vacuum-assisted filtration,0.044,77,264055,https://doi.org/10.1039/D2NR00468B,
Ti3C2Tx,CNF,PEDOT:PSS,,0.5,film,vacuum-assisted filtration,0.058,77,190302,,
Ti3C2Tx,CNF,PEDOT:PSS,,0.8,film,vacuum-assisted filtration,0.063,40,2190,,
Ti3C2Tx,ANF,PEDOT:PSS,,0.75,film,vacuum-assisted filtration,0.0044,35,8000,https://doi.org/10.1007/s12274-022-4756-x,
Ti3C2Tx,ANF,PEDOT:PSS,,0.83,film,vacuum-assisted filtration,0.0044,41,11000,,
Ti3C2Tx,ANF,PEDOT:PSS,,0.875,film,vacuum-assisted filtration,0.0044,46,17000,,
Ti3C2Tx,ANF,PEDOT:PSS,,0.9,film,vacuum-assisted filtration,0.0044,48,31000,,
Ti3C2Tx,PEDOT:PSS,PEDOT:PSS,,0.7,film,post-treatment,0.0066,40.5,67520,https://doi.org/10.1016/j.compositesa.2020.105764,
Ti3C2Tx,PEDOT:PSS,PEDOT:PSS,,0.5,film,post-treatment,0.0072,38.9,55237,,
Ti3C2Tx,PEDOT:PSS,PEG,,0.55,foam, vertical directional freezing,2,29.8,,https://doi.org/10.1016/j.cej.2022.137599,
Ti3C2Tx,PEDOT:PSS,PEG,,0.5,foam, vertical directional freezing,2,29,,,
Ti3C2Tx,PEDOT:PSS,PEG,,0.45,foam, vertical directional freezing,2,22,,,
Ti3C2Tx,PEDOT:PSS,PEG,,0.4,foam, vertical directional freezing,2,21,,,
Ti3C2Tx,CFF,TPU,,0.32,film, layer-by-layer stacking,0.5,23,130,https://doi.org/10.1016/j.matdes.2022.110382,
Ti3C2Tx,CFF,TPU,,0.57,film, layer-by-layer stacking,0.5,28,170,,
Ti3C2Tx,CFF,TPU,,1.06,film, layer-by-layer stacking,0.5,40.4,350,,
Ti3C2Tx,GO,CFF,TPU,0.097,foam,LbL assembly,1.4,24,55,https://doi.org/10.1016/j.colsurfa.2023.132339,
Ti3C2Tx,GO,CFF,TPU,0.194,foam,LbL assembly,1.4,30,75,,
Ti3C2Tx,GO,CFF,TPU,0.292,foam,LbL assembly,1.4,36,125,,
Ti3C2Tx,GO,CFF,TPU,0.389,foam,LbL assembly,1.4,38,160,,
Ti3C2Tx,ANF,,,0.07,foam,freeze-drying,1.9,13.12,412,https://doi.org/10.1016/j.compositesb.2021.108853,
Ti3C2Tx,ANF,,,0.14,foam,freeze-drying,1.8,30.74,2156,,
Ti3C2Tx,ANF,,,0.21,foam,freeze-drying,1.9,56.8,4832,,
Ti3C2Tx,CNT,PVDF,,0.005,flim,compression molding,0.2,10.4,9.09,https://doi.org/10.1016/j.cej.2021.128930,
Ti3C2Tx,CNT,PVDF,,0.01,flim,compression molding,0.2,12.1,17.02,,
Ti3C2Tx,CNT,PVDF,,0.02,flim,compression molding,0.2,12.2,15,,
Ti3C2Tx,CNT,PVDF,,0.04,flim,compression molding,0.2,12.1,13,,
Ti3C2Tx,CNT,PVDF,,0.08,flim,compression molding,0.2,12.1,12.8,,
Ti3C2Tx,CNT,PVDF,,0.12,flim,compression molding,0.2,12.6,12.4,,
Ti3C2Tx,CNF,epoxy,,0.13vol,foam,freeze-drying,2,22,6,https://doi.org/10.34133/2020/4093732,
Ti3C2Tx,CNF,epoxy,,0.28vol,foam,freeze-drying,2,34,88,,
Ti3C2Tx,CNF,epoxy,,0.54vol,foam,freeze-drying,2,48,550,,
Ti3C2Tx,CNF,epoxy,,0.82vol,foam,freeze-drying,2,55,900,,
Ti3C2Tx,CNF,epoxy,,1.11vol,foam,freeze-drying,2,64,1200,,
Ti3C2Tx,CNF,epoxy,,1.38vol,foam,freeze-drying,2,74,1672,,
1,,,,,,,,,,,
Ti3C2Tx,PVDF,,,0.02,film, solution casting,0.3,2.9,0.0000007,https://doi.org/10.1007/s42114-021-00224-1,
Ti3C2Tx,PVDF,,,0.05,film, solution casting,0.3,8,0.005,,
Ti3C2Tx,PVDF,,,0.1,film, solution casting,0.3,16.5,0.2,,
Ti3C2Tx,PVDF,,,0.15,film, solution casting,0.3,21.5,0.8,,
Ti3C2Tx,PVDF,AgNW,,0.1,film, solution casting,0.3,25.87,1.08,,
Ti3C2Tx,PVDF,AgNW,,0.1,film, solution casting,0.15,19.31,,,
Ti3C2Tx,PVDF,AgNW,,0.1,film, solution casting,0.45,31.5,,,
Ti3C2Tx,PVDF,AgNW,,0.1,film, solution casting,0.6,41.26,,,
1,,,,,,,,,,,
Ti3C2Tx,TPU,,,0.005,film,spraying,0.2,6,,https://pubs.acs.org/doi/10.1021/acsanm.2c05169,
Ti3C2Tx,TPU,,,0.0112,film,spraying,0.2,11,,,
Ti3C2Tx,TPU,,,0.0186,film,spraying,0.2,18,,,
Ti3C2Tx,TPU,,,0.045,film,spraying,0.2,23,,,
Ti3C2Tx,TPU,,,0.0673,film,spraying,0.2,26,,,
Ti3C2Tx,CNF,TPU,,0.0176,foam,freeze-drying,8,58,,https://doi.org/10.1002/adfm.202306884,
Ti3C2Tx,CNF,TPU,,0.0213,foam,freeze-drying,8,71,,,
Ti3C2Tx,CNF,TPU,,0.0314,foam,freeze-drying,8,93.5,,,
Ti3C2Tx,TPU,,,0.167,film, layer-by-layer spraying,0.051,30.6,500,https://doi.org/10.1007/s42114-021-00221-4,
Ti3C2Tx,TPU,,,0.286,film, layer-by-layer spraying,0.052,50.7,1100,,
Ti3C2Tx,TPU,,,0.091,film, layer-by-layer spraying,0.05,19,100,,
Ti3C2Tx,TPU,,,0.047,film, layer-by-layer spraying,0.05,11,12,,
Ti3C2Tx,TPU,CNT,PDA,0.15,film,dip-coating,0.15,28,400,https://doi.org/10.1016/j.cej.2022.135587,
Ti3C2Tx,TPU,CNT,PDA,0.24,film,dip-coating,0.3,34,450,,
Ti3C2Tx,TPU,CNT,PDA,0.35,film,dip-coating,0.45,40,500,,
Ti3C2Tx,TPU,CNT,PDA,0.47,film,dip-coating,0.6,44,560,,
1,,,,,,,,,,,
Ti3C2Tx,rGO,,,20.3 mg/cm2,foam,freeze-drying,1,17,,https://doi.org/10.1016/j.jcis.2022.08.019,
Ti3C2Tx,rGO,,,20.3 mg/cm2,foam,freeze-drying,2,20,,,
Ti3C2Tx,rGO,,,20.3 mg/cm2,foam,freeze-drying,3,28,,,
Ti3C2Tx,rGO,,,20.3 mg/cm2,foam,freeze-drying,4,41,,,
Ti3C2Tx,rGO,,,20.3 mg/cm2,foam,freeze-drying,5,44,,,
Ti3C2Tx,rGO,,,20.3 mg/cm2,foam,freeze-drying,6,58,,,
Ti3C2Tx,rGO,,,20.3 mg/cm2,foam,freeze-drying,7,83.3,,,
Ti3C2Tx,rGO,,,11.9 mg/cm2,foam,freeze-drying,5,42,,,
Ti3C2Tx,rGO,,,13.3 mg/cm2,foam,freeze-drying,5,56,,,
Ti3C2Tx,rGO,,,15.7 mg/cm2,foam,freeze-drying,5,64,,,
Ti3C2Tx,rGO,,,18.9 mg/cm2,foam,freeze-drying,5,75,,,
1,,,,,,,,,,,
Ti3C2Tx,CNF,,,0.1,,vacuum filtration,0.1,3,10,https://doi.org/10.1016/j.compscitech.2022.109540,
Ti3C2Tx,CNF,,,0.2,,vacuum filtration,0.1,7,500,,
Ti3C2Tx,CNF,,,0.3,,vacuum filtration,0.1,11,1000,,
Ti3C2Tx,CNF,,,0.7,,vacuum filtration,0.1,30,10000,,
Ti3C2Tx,CNC,WPU,,0.65,,vacuum-assisted filtration ,0.02,48.7,50000,https://doi.org/10.1016/j.colsurfa.2023.131556,
Ti3C2Tx,CNC,WPU,,0.54,,vacuum-assisted filtration ,0.03,52,51330,,
Ti3C2Tx,CNC,WPU,,0.45,,vacuum-assisted filtration ,0.035,54.2,60610,,
Ti3C2Tx,rGO,epoxy,,0.01,,self-assembled ,3,40,100,https://doi.org/10.1016/j.compositesa.2022.106907,
Ti3C2Tx,rGO,epoxy,,0.019,,self-assembled ,3,43,140,,
Ti3C2Tx,rGO,epoxy,,0.023,,self-assembled ,3,48,230,,
Ti3C2Tx,rGO,epoxy,,0.029,,self-assembled ,3,51,350,,
Ti3C2Tx,rGO,epoxy,,0.033,,self-assembled ,3,55,380,,
1,,,,,,,,,,,
Ti3C2Tx,graphene,,,0.18,,vacuum-assisted filtration,0.048,67,37100,https://pubs.acs.org/doi/10.1021/acsanm.3c02925,
Ti3C2Tx,graphene,,,0.16,,vacuum-assisted filtration,0.059,71,21400,,
Ti3C2Tx,graphene,,,0.14,,vacuum-assisted filtration,0.07,75,27300,,
Ti3C2Tx,graphene,,,0.12,,vacuum-assisted filtration,0.086,77,32000,,
Ti3C2Tx,graphene,,,0.22,,vacuum-assisted filtration,0.069,73,25200,,
Ti3C2Tx,graphene,,,0.36,,vacuum-assisted filtration,0.088,77,21900,,
Ti3C2Tx,graphene,,,0.46,,vacuum-assisted filtration,0.09,83,19800,,
Ti3C2Tx,graphene,,,0.56,,vacuum-assisted filtration,0.1,96,16200,,
1,,,,,,,,,,,
Ti3C2Tx,paraffin,CNT,,0.95,,freeze-drying,2,50,450,https://doi.org/10.1021/acsami.1c02059,
Ti3C2Tx,paraffin,CNT,,0.9,,freeze-drying,2,38,250,,
Ti3C2Tx,paraffin,CNT,,0.8,,freeze-drying,2,31,160,,
Ti3C2Tx,paraffin,CNT,,0.6,,freeze-drying,2,21,100,,
Ti3C2Tx,ANF,PI,,0.1,,freeze-drying,4,12,18.98,https://doi.org/10.1016/j.cej.2022.138808,
Ti3C2Tx,ANF,PI,,0.15,,freeze-drying,4,19,88.79,,
Ti3C2Tx,ANF,PI,,0.2,,freeze-drying,4,24,112.68,,
Ti3C2Tx,ANF,PI,,0.25,,freeze-drying,4,28,144.59,,
Ti3C2Tx,ANF,PI,,0.35,,freeze-drying,4,49,210.13,,
Ti3C2Tx,CNF,,,0.1,,freeze-drying,0.036,1,10,https://doi.org/10.1021/acsami.3c12171,
Ti3C2Tx,CNF,,,0.3,,freeze-drying,0.039,10,100,,
Ti3C2Tx,CNF,,,0.5,,freeze-drying,0.046,20,210,,
Ti3C2Tx,CNF,,,0.7,,freeze-drying,0.049,33,790,,
Ti3C2Tx,CNF,,,0.9,,freeze-drying,0.057,48,1032,,
Ti3C2Tx,PI,,,0.61,film,immersion and hot-pressing method,0.2,20,6.9,https://doi.org/10.1126/sciadv.abj1663,
Ti3C2Tx,PI,,,0.62,film,immersion and hot-pressing method,0.2,34,68,,
Ti3C2Tx,PI,,,0.63,film,immersion and hot-pressing method,0.2,46,970,,
Ti3C2Tx,PI,,,0.64,film,immersion and hot-pressing method,0.2,65,47000,,
Ti3C2Tx,PI,,,0.65,film,immersion and hot-pressing method,0.21,79,160000,,
Ti3C2Tx,graphene,Fe3O4,PVA,0.45,film,casting,1,30,,https://doi.org/10.1016/j.apsusc.2021.152007,
Ti3C2Tx,graphene,,PVA,0.2,film,casting,1,25,,,
Ti3C2Tx,,,PVA,0.25,film,casting,1,23,,,
Ti3C2Tx,CNT,,,0.5,foam,freeze-drying,3,67,,https://doi.org/10.1016/j.mtcomm.2023.107968,
Ti3C2Tx,CNT,,,0.33,foam,freeze-drying,3,82,,,
Ti3C2Tx,CNT,,,0.25,foam,freeze-drying,3,105,,,
Ti3C2Tx,CNF,,,0.5,foam,freeze-drying,2,18,0.35,https://doi.org/10.1002/advs.202000979,
Ti3C2Tx,CNF,,,0.69,foam,freeze-drying,3,38,6.46,,
Ti3C2Tx,CNF,,,0.75,foam,freeze-drying,4,48,19.6,,
Ti3C2Tx,CNF,,,0.83,foam,freeze-drying,5,65,27.6,,
Ti3C2Tx,CNF,,,0.9,foam,freeze-drying,6,58,28.6,,
Ti3C2Tx,AgNW,CNF,,0.045,film,vacuum-assisted filtration,0.022,25,34972,https://doi.org/10.1016/j.carbon.2022.10.079,
Ti3C2Tx,AgNW,CNF,,0.09,film,vacuum-assisted filtration,0.024,33,47910,,
Ti3C2Tx,AgNW,CNF,,0.27,film,vacuum-assisted filtration,0.026,43,106685,,
Ti3C2Tx,AgNW,CNF,,0.45,film,vacuum-assisted filtration,0.029,47,157491,,
Ti3C2Tx,AgNW,CNF,,0.63,film,vacuum-assisted filtration,0.033,53,206931,,
Ti3C2Tx,ANF,,,0.2,film,vacuum-assisted filtration,0.009,15,1000,https://doi.org/10.1021/acsomega.2c03219,
Ti3C2Tx,ANF,,,0.4,film,vacuum-assisted filtration,0.009,26,2000,,
Ti3C2Tx,ANF,,,0.5,film,vacuum-assisted filtration,0.009,30,10000,,
Ti3C2Tx,ANF,,,0.6,film,vacuum-assisted filtration,0.009,34,20000,,
Ti3C2Tx,ANF,,,0.8,film,vacuum-assisted filtration,0.009,39,51000,,
Ti3C2Tx,SA,,,1,foam,freeze-drying,3,18,129.75,https://doi.org/10.1021/acsami.3c10599,
Ti3C2Tx,SA,CNT,,0.75,foam,freeze-drying,3,23,325.3,,
Ti3C2Tx,SA,CNT,,0.67,foam,freeze-drying,3,28,419,,
Ti3C2Tx,SA,CNT,,0.5,foam,freeze-drying,3,38,656.3,,
Ti3C2Tx,SA,CNT,,0.25,foam,freeze-drying,3,44,1630,,
Ti3C2Tx,CNF,,,0.25,film,freeze-drying,0.9,21,5,https://doi.org/10.1021/acsanm.1c01185,
Ti3C2Tx,CNF,,,0.5,film,freeze-drying,0.7,30,40,,
Ti3C2Tx,CNF,,,0.75,film,freeze-drying,0.5,39,62,,
Ti3C2Tx,AgNW,PU,,0.0162,foam,freeze-drying,1.32,19,0.005,https://doi.org/10.1016/j.compscitech.2021.109023,
Ti3C2Tx,AgNW,PU,,0.0324,foam,freeze-drying,1.32,30,0.006,,
Ti3C2Tx,AgNW,PU,,0.0471,foam,freeze-drying,1.32,50,0.007,,
Ti3C2Tx,AgNW,PU,,0.0649,foam,freeze-drying,1.32,36,0.008,,
Ti3C2Tx,AgNW,PU,,0.0761,foam,freeze-drying,1.32,27,0.025,,
Ti3C2Tx,PANI,CNF,,0.02,film,vacuum-assisted filtration,0.6,12,60,https://doi.org/10.1016/j.indcrop.2023.116299,
Ti3C2Tx,PANI,CNF,,0.04,film,vacuum-assisted filtration,0.6,24,800,,
Ti3C2Tx,PANI,CNF,,0.06,film,vacuum-assisted filtration,0.6,30,2000,,
Ti3C2Tx,PANI,CNF,,0.08,film,vacuum-assisted filtration,0.6,35,3000,,
Ti3C2Tx,PVDF,,,0.1,foam,freeze-drying,3,16,1,https://doi.org/10.1021/acsami.3c09845,
Ti3C2Tx,PVDF,,,0.2,foam,freeze-drying,3,23,0.4,,
Ti3C2Tx,PVDF,,,0.3,foam,freeze-drying,3,32,8.5,,
Ti3C2Tx,PVDF,,,0.4,foam,freeze-drying,3,44,13,,
1,,,,,,,,,,,
Ti3C2Tx,CNT,AgNW,,0.2,foam,freeze-drying,3.2,32,43,https://doi.org/10.1021/acsanm.3c03700,
Ti3C2Tx,CNT,AgNW,,0.4,foam,freeze-drying,3,45,82,,
Ti3C2Tx,CNT,AgNW,,0.6,foam,freeze-drying,3,50,159,,
Ti3C2Tx,CNT,AgNW,,0.8,foam,freeze-drying,3.1,56,333,,
Ti3C2Tx,CNT,,,0.2,foam,freeze-drying,3,26,29,,
Ti3C2Tx,CNT,,,0.4,foam,freeze-drying,2.8,32,68,,
Ti3C2Tx,CNT,,,0.6,foam,freeze-drying,3.1,43,119,,
Ti3C2Tx,CNT,,,0.8,foam,freeze-drying,3,52,249,,
1,,,,,,,,,,,
Ti3C2Tx,ANF,,,0.2,film,coating,0.03,8,5,https://doi.org/10.1021/acsnano.2c01323,
Ti3C2Tx,ANF,,,0.4,film,coating,0.03,19,70,,
Ti3C2Tx,ANF,,,0.5,film,coating,0.031,25,900,,
Ti3C2Tx,ANF,,,0.6,film,coating,0.04,36.6,9000,,
Ti3C2Tx,ANF,,,0.8,film,coating,0.037,48,30000,,
